,1-var,2-var
0,0.24788,0.22130
1,0.24951,0.23060
2,0.27467,0.22668
3,0.24583,0.22000
4,0.25624,0.20818
