,1-var,2-var
0,0.29854,0.25447
1,0.28429,0.25995
2,0.33102,0.22824
3,0.29077,0.23978
4,0.34375,0.24821
