,1-var,2-var
0,0.37206,0.31713
1,0.35686,0.32631
2,0.41602,0.28685
3,0.36936,0.30459
4,0.42375,0.30598
