,1-var,2-var,3-var
0,0.30768,0.27544,0.25147
1,0.29154,0.25916,0.25180
2,0.31643,0.28498,0.24992
3,0.34938,0.26673,0.22425
4,0.30624,0.28127,0.25681
