,1-var,2-var,3-var
0,0.37088,0.30959,0.23592
1,0.35488,0.29244,0.27179
2,0.37714,0.31788,0.21973
3,0.32245,0.27279,0.26028
4,0.34582,0.26815,0.26414
