,1-var,2-var,3-var
0,0.28789,0.25316,0.21843
1,0.36171,0.26234,0.16113
2,0.32818,0.20502,0.18721
3,0.29956,0.26737,0.19049
4,0.27455,0.23906,0.19276
