,1-var,2-var,3-var
0,0.35791,0.31474,0.27156
1,0.45513,0.33010,0.20274
2,0.39569,0.24720,0.22572
3,0.37242,0.33241,0.23683
4,0.33927,0.29541,0.23820
