,1-var,2-var,3-var
0,0.24458,0.21895,0.19989
1,0.23168,0.20595,0.20010
2,0.25160,0.22660,0.19872
3,0.28291,0.21598,0.18159
4,0.24518,0.22520,0.20561
