,1-var,2-var
0,0.35699,0.29940
1,0.36559,0.30740
2,0.35604,0.33019
3,0.37720,0.29408
4,0.34090,0.31374
