,1-var,2-var,3-var
0,0.29976,0.25023,0.19068
1,0.27971,0.23049,0.21421
2,0.30189,0.25446,0.17589
3,0.25750,0.21784,0.20785
4,0.27353,0.21210,0.20893
