,1-var,2-var
0,0.28270,0.23710
1,0.29090,0.24460
2,0.28095,0.26055
3,0.31323,0.24421
4,0.26837,0.24698
