,1-var,2-var
0,0.30925,0.27608
1,0.30796,0.28461
2,0.34089,0.28133
3,0.30332,0.27145
4,0.31995,0.25995
